ABBR,Primary_Long_Form,Primary_Num_Variants,Alternative_Long_Form,Alternative_Num_Variants,Primary_Long_Form_Score,Alternative_Long_Form_Score
AAA,abdominal aortic aneurysm,1215,aromatic amino acids,35,0.9805,0.8681
ABG,arterial blood gas,99,air-bone gap,25,0.9698,0.7249
ABR,Auditory brainstem response,703,auditory brain stem response,199,0.9474,0.9048
ACE,angiotensin-converting enzyme,4868,affinity capillary electrophoresis,61,0.8365,0.8987
ACL,anterior cruciate ligament,1641,American cutaneous leishmaniasis,77,0.9934,0.7905
ADA,Adenosine deaminase,1181,Americans with Disabilities Act,336,0.975,0.9535
ADL,Activities of Daily Living,1073,activities of daily life,39,0.8479,0.5479
AFB,acid-fast bacilli,279,aflatoxin B1,61,0.9573,0.8971
AFP,alpha-fetoprotein,2595,acute flaccid paralysis,166,0.8481,0.9712
AGA,appropriate for gestational age,257,antigliadin antibodies,62,0.7575,0.4417
AICD,activation-induced cell death,217,automatic implantable cardioverter defibrillator,61,0.8252,0.9216
ALD,alcoholic liver disease,239,anterior latissimus dorsi,109,0.849,0.9726
ALS,amyotrophic lateral sclerosis,2624,advanced life support,228,0.9832,0.9594
AMA,antimitochondrial antibodies,92,American Medical Association,123,0.5117,0.9612
AML,acute myeloid leukemia,3155,renal angiomyolipoma,39,0.9932,0.2829
ANA,Antinuclear antibodies,605,American Nurses Association,47,0.8127,0.9366
ANCA,antineutrophil cytoplasmic antibodies,288,Antineutrophil cytoplasmic autoantibodies,73,0.52,0.5165
ANC,absolute neutrophil count,332,antenatal care,46,0.9719,0.8151
ASA,acetylsalicylic acid,1074,American Society of Anesthesiologists,229,0.7118,0.987
ASD,atrial septal defect,570,Autism Spectrum Disorder,54,0.9741,0.5331
AVF,Arteriovenous fistula,289,abdominal visceral fat,23,0.8669,0.8715
AVR,aortic valve replacement,556,acute vascular rejection,43,0.9758,0.9308
BAL,bronchoalveolar lavage,4221,bioartificial liver,100,0.9489,0.9231
BMI,body mass index,9473,bicuculline methiodide,129,0.9954,0.9768
BMT,bone marrow transplantation,3951,Bone Marrow Transplant,643,0.979,0.9442
CAD,coronary artery disease,5523,computer-aided diagnosis,119,0.9943,0.7142
CDI,Color Doppler imaging,113,Children's Depression Inventory,103,0.6412,0.7167
CEA,carcinoembryonic antigen,4293,carotid endarterectomy,750,0.8921,0.9704
CHF,congestive heart failure,3285,patients with chronic heart failure,341,0.7503,0.3233
CIC,circulating immune complexes,728,clean intermittent catheterization,96,0.9568,0.9685
CML,chronic myelogenous leukemia,1907,cell-mediated lympholysis,156,0.9943,0.7836
CMS,cytoplasmic male sterility,77,chronic mild stress,53,0.92,0.8842
CMV,cytomegalovirus,6833,cucumber mosaic virus,226,0.8872,0.9788
CNS,central nervous system,13496,coagulase-negative staphylococci,322,0.9945,0.9323
CPR,cardiopulmonary resuscitation,1538,C-peptide immunoreactivity,54,0.9681,0.8401
CRP,C-reactive protein,4683,collagen-related peptide,36,0.8654,0.7433
CSA,cross-sectional area,596,colony-stimulating activity,236,0.8889,0.9359
CSF,cerebrospinal fluid,12582,Colony-stimulating factor,417,0.9622,0.9438
CTA,conditioned taste aversion,372,CT angiography,168,0.9676,0.4261
CVA,cerebrovascular accident,222,Cough variant asthma,21,0.7337,0.8657
CVI,Chronic Venous Insufficiency,265,common variable immunodeficiency,125,0.9703,0.9622
CVS,chorionic villus sampling,343,cardiovascular system,32,0.9085,0.4827
DIC,Disseminated intravascular coagulation,1635,differential interference contrast,108,0.9719,0.9417
DIP,distal interphalangeal,119,Desquamative interstitial pneumonia,39,0.96,0.8811
DLCO,diffusing capacity for carbon monoxide,81,carbon monoxide diffusing capacity,68,0.6251,0.9561
DNR,daunorubicin,425,do-not-resuscitate,186,0.54,0.5856
DWI,diffusion-weighted imaging,319,driving while intoxicated,48,0.6341,0.9379
EBL,Estimated blood loss,48,enzootic bovine leukosis,42,0.7595,0.9291
ECG,electrocardiogram,2449,electrocardiographic,1166,0.5029,0.2392
ECT,electroconvulsive therapy,1244,Emission computed tomography,67,0.9303,0.8874
EDD,End-diastolic diameter,29,end-diastolic dimension,25,0.6392,0.5969
EHL,electrohydraulic lithotripsy,47,extensor hallucis longus,25,0.8703,0.8186
EKG,electrocardiogram,123,electrocardiographic,42,0.607,0.204
EMS,Emergency Medical Services,605,ethyl methanesulfonate,306,0.9822,0.9791
EPO,erythropoietin,3111,eosinophil peroxidase,254,0.8635,0.948
ERCP,endoscopic retrograde cholangiopancreatography,1373,Endoscopic retrograde cholangio-pancreatography,91,0.9792,0.9158
ESR,electron spin resonance,1430,erythrocyte sedimentation rate,1315,0.9869,0.9714
FFP,fresh frozen plasma,332,freedom from progression,54,0.9806,0.8401
GCT,cell tumor,220,germ cell tumors,92,0.9088,0.5445
GGT,gamma-glutamyl transpeptidase,408,gamma-glutamyltranspeptidase,201,0.7712,0.547
GTT,glucose tolerance test,208,gestational trophoblastic tumor,36,0.9556,0.9174
GVHD,graft-versus-host disease,3259,graft vs host disease,33,0.9877,0.9648
GVH,graft-versus-host,257,graft-vs-host,50,0.9467,0.8594
HCT,Hematopoietic cell transplantation,126,Helical Computed Tomography,26,0.6988,0.584
HIV,human Immunodeficiency virus,16155,Human Immunodeficiency Virus type 1,103,0.9813,0.9726
HPV,human papillomavirus,4837,hypoxic pulmonary vasoconstriction,289,0.9889,0.9498
HSV,herpes simplex virus,3866,highly selective vagotomy,82,0.9874,0.9422
ICA,internal carotid artery,1396,islet cell antibodies,267,0.9866,0.9704
ICD,implantable cardioverter defibrillator,469,international Classification of Diseases,145,0.89,0.9467
INH,isoniazid,640,isonicotinic acid hydrazide,96,0.7205,0.92
ITP,idiopathic thrombocytopenic purpura,1091,immune thrombocytopenia,63,0.6936,0.4596
IUGR,intrauterine growth retardation,849,Intrauterine growth retarded,33,0.8597,0.6976
IVC,inferior vena cava,1134,intravenous cholangiography,30,0.9857,0.8032
IVP,intravenous pyelography,108,vitro produced,27,0.9047,0.8312
LAD,left anterior descending coronary artery,1194,Leukocyte adhesion deficiency,76,0.9743,0.7766
LDL,low-density lipoprotein,4577,loudness discomfort level,23,0.9842,0.8715
LMP,latent membrane protein,156,low malignant potential,118,0.8205,0.9746
MAI,Mycobacterium avium-intracellulare,80,mitotic activity index,56,0.8336,0.9467
MCA,middle cerebral artery,2332,monoclonal antibodies,97,0.9817,0.9352
MCH,Melanin-concentrating hormone,327,Maternal and Child Health,169,0.79,0.8391
MCV,mean corpuscular volume,519,molluscum contagiosum virus,60,0.9692,0.9503
MDI,metered dose inhaler,210,Mental Development Index,52,0.9626,0.9099
MDS,myelodysplastic syndrome,1522,minimum data set,159,0.981,0.9509
MMF,Mycophenolate mofetil,890,maxillomandibular fixation,33,0.9644,0.7238
MRA,magnetic resonance angiography,974,MR angiography,325,0.9795,0.2206
MRCP,Magnetic resonance cholangiopancreatography,214,MR cholangiopancreatography,99,0.9859,0.2783
MRSA,Methicillin-resistant Staphylococcus aureus,2241,methicillin-resistant,53,0.8475,0.4232
MTP,microsomal triglyceride transfer protein,196,mitochondrial transmembrane potential,20,0.9847,0.8525
MVA,mitral valve area,127,Modified vaccinia virus Ankara,92,0.9502,0.9005
NOS,nitric oxide synthase,4086,not otherwise specified,113,0.9909,0.9437
NPH,normal pressure hydrocephalus,218,neutral protamine Hagedorn,51,0.9863,0.8821
NST,nucleus of the solitary tract,142,nonstress test,82,0.9792,0.4553
NTD,neural tube defects,244,N-terminal domain,45,0.9803,0.5045
OCD,obsessive-compulsive disorder,1489,Osteochondritis dissecans,57,0.8233,0.7891
OTC,over-the-counter,428,ornithine transcarbamylase,275,0.7433,0.9713
PAC,pulmonary artery catheter,92,powdered activated carbon,48,0.9479,0.7595
PCA,principal component analysis,799,patient-controlled analgesia,677,0.9508,0.9325
PCI,percutaneous coronary intervention,993,prophylactic cranial irradiation,123,0.9812,0.937
PCR,polymerase chain reaction,22403,protein catabolic rate,107,0.9737,0.9721
PDA,patent ductus arteriosus,690,Personal Digital Assistant,68,0.8829,0.9306
PEG,polyethylene glycol,1644,percutaneous endoscopic gastrostomy,565,0.7117,0.9781
PET,Positron emission tomography,6894,Peritoneal Equilibration Test,191,0.9788,0.9843
PFO,patent foramen ovale,306,perfringolysin O,21,0.8951,0.8594
PIC,polymorphism information content,91,phosphoinositidase C,34,0.6518,0.5846
PID,pelvic inflammatory disease,770,postinoculation day,68,0.9859,0.4721
PIH,pregnancy-induced hypertension,363,pyridoxal isonicotinoyl hydrazone,53,0.5434,0.8842
PIP,proximal interphalangeal,197,peak inspiratory pressure,143,0.9602,0.8947
PMD,Pelizaeus-Merzbacher disease,91,progressive muscular dystrophy,25,0.8291,0.8816
PMI,postmortem interval,69,perioperative myocardial infarction,55,0.7238,0.5619
PND,postnatal day,495,prenatal diagnosis,55,0.9275,0.8882
PPD,purified protein derivative,864,probing pocket depth,101,0.9621,0.8755
PPI,prepulse inhibition,451,proton pump inhibitor,224,0.9222,0.9786
PRN,paramedian reticular nucleus,29,plaque reduction neutralization,27,0.8422,0.8903
PSA,prostate-specific antigen,3496,polysialic acid,138,0.8986,0.7401
PTH,parathyroid hormone,4983,post-transfusion hepatitis,40,0.989,0.4242
PTSD,posttraumatic stress disorder,2115,post-traumatic stress disorder,794,0.6906,0.2582
PVC,polyvinyl chloride,430,premature ventricular contractions,53,0.7525,0.9132
RAP,right atrial pressure,215,receptor-associated protein,194,0.9779,0.7211
RBC,red blood cell,2040,Ranitidine bismuth citrate,60,0.9876,0.8971
RCA,right coronary artery,570,Ricinus communis agglutinin,83,0.9887,0.8767
ROS,reactive oxygen species,6666,rod outer segments,311,0.9888,0.9612
RSV,respiratory syncytial virus,2286,Rous sarcoma virus,618,0.9912,0.9871
SAB,spontaneous abortion,31,Staphylococcus aureus bacteremia,21,0.9043,0.5721
SBP,systolic blood pressure,2388,spontaneous bacterial peritonitis,187,0.957,0.9659
SLE,systemic lupus erythematosus,9271,Louis encephalitis,159,0.9932,0.9701
SMA,spinal muscular atrophy,563,superior mesenteric artery,555,0.9885,0.9689
STD,sexually transmitted disease,1180,Saturation transfer difference,21,0.97,0.8594
TBI,Traumatic brain injury,2190,total body irradiation,1026,0.988,0.9818
TEE,transesophageal echocardiography,1267,total energy expenditure,226,0.8802,0.8499
TIPS,Transjugular intrahepatic portosystemic shunt,481,transjugular intrahepatic portosystemic shunting,24,0.9726,0.8115
TPA,phorbol ester 12-O-tetradecanoylphorbol-13-acetate,245,tumor promoter 12-O-tetradecanoylphorbol-13-acetate,251,0.986,0.8379
TSH,thyroid-stimulating hormone,1454,thyrotropin,2181,0.9617,0.4073
TTP,thrombotic thrombocytopenic purpura,766,Time to progression,220,0.9724,0.6594
VAC,vacuum-assisted closure,25,vaccinia virus,21,0.6411,0.7865
VAD,ventricular assist device,184,vitamin A deficiency,63,0.9499,0.9003
VATS,Video-assisted thoracic surgery,279,video-assisted thoracoscopic surgery,261,0.9042,0.8866
VBAC,Vaginal birth after cesarean,43,vaginal birth after cesarean section,23,0.9323,0.8715
