layer,head,patched_logit_difference,indirect_effect,normalized_restoration
0,0,2.9792630709134613,0.001472355769230769,-0.008634824199436664
0,1,2.9773287259615384,-0.0004619891826923068,-0.021705647193563184
0,2,2.980307241586538,0.0025165264423076925,0.0797237455678799
0,3,2.9730919471153845,-0.004698768028846154,0.037812886932190155
0,4,2.9842247596153846,0.006434044471153844,0.04242620345532743
0,5,2.972235576923077,-0.0055551382211538455,0.05325782056875951
0,6,2.979912860576923,0.0021221454326923075,-0.04195295530123228
0,7,2.974226262019231,-0.0035644531249999995,0.055771355744869806
0,8,2.977993539663461,0.0002028245192307685,-0.013387334581483936
0,9,2.9738731971153842,-0.003917518028846155,0.0023914472381711105
0,10,2.9771784855769234,-0.0006122295673076917,0.054734191037175646
0,11,2.9788348858173075,0.001044170673076923,-0.002829005690330152
0,12,2.978109975961539,0.0003192608173076923,0.03819535344124887
0,13,2.9713078425480766,-0.006482872596153846,0.005317824695765327
0,14,2.9810809795673077,0.0032902644230769227,-0.03810648486811971
0,15,2.9804612379807693,0.002670522836538461,-0.017250494186084205
0,16,2.9774714543269223,-0.0003192608173076926,-0.020402256166389073
0,17,2.970402644230769,-0.007388070913461538,0.020095550406701277
0,18,2.9729116586538464,-0.0048790564903846145,-0.2755522395212621
0,19,2.9761718750000004,-0.0016188401442307691,0.04625032115752435
0,20,2.967611929086539,-0.010178786057692308,0.12002072160052261
0,21,2.9752140925480766,-0.002576622596153846,0.04195742502330516
0,22,2.981381460336538,0.0035907451923076926,-0.017635534497457025
0,23,2.9782639723557693,0.00047325721153846186,0.051882346040161946
1,0,2.9725623497596154,-0.005228365384615384,0.03406230004427316
1,1,2.9735389122596154,-0.004251802884615385,0.036471647995599876
1,2,2.978910006009616,0.0011192908653846153,-0.050384837547148696
1,3,2.978339092548077,0.0005483774038461534,-0.05148814512910408
1,4,2.972701322115385,-0.005089393028846154,0.08691800466134401
1,5,2.9695612980769233,-0.008229417067307692,0.05952741493686265
1,6,2.9790039062499996,0.0012131911057692306,-0.06886769486919161
1,7,2.974601862980769,-0.003188852163461539,-0.037417806001786486
1,8,2.975289212740385,-0.0025015024038461536,0.06619118515020836
1,9,2.9714242788461536,-0.006366436298076923,0.011652230618068228
1,10,2.9738131009615385,-0.003977614182692307,-0.017301858794523985
1,11,2.973234675480769,-0.004556039663461537,-0.0356793862403428
1,12,2.9808593750000005,0.0030686598557692303,-0.050378593049723405
1,13,2.981516676682692,0.0037259615384615382,-0.10876965977228134
1,14,2.981234975961539,0.003444260817307693,-0.08266695581938503
1,15,2.977351262019231,-0.0004394531250000001,0.01951496482677001
1,16,2.974372746394231,-0.00341796875,0.004918718006421036
1,17,2.980543870192307,0.0027531550480769237,-0.0427213829969291
1,18,2.9780348557692307,0.000244140625,-0.020554359814168945
1,19,2.977753155048077,-3.7560096153845085e-05,0.15420975645015564
1,20,2.977001953125,-0.0007887620192307689,-0.029255107761337825
1,21,2.9747070312499995,-0.003083683894230769,0.02118570810382289
1,22,2.9814678485576924,0.003677133413461539,-0.03823337495579537
1,23,2.9772611177884616,-0.0005295973557692311,0.016784946808214588
2,0,2.9752704326923074,-0.0025202824519230766,0.004343394722359164
2,1,2.9763146033653842,-0.0014761117788461538,0.013848356287231578
2,2,2.9775015024038467,-0.00028921274038461495,0.1032330270148791
2,3,2.974823467548077,-0.002967247596153847,0.05625626442940679
2,4,2.9761117788461537,-0.0016789362980769232,0.053095819507619
2,5,2.9794133112980767,0.001622596153846154,0.0012963100938797089
2,6,2.9832895132211537,0.005498798076923077,0.09716573400461784
2,7,2.9809720552884618,0.003181340144230769,0.018129120027616186
2,8,2.979473407451923,0.0016826923076923082,-0.0021477139633934586
2,9,2.981065955528846,0.003275240384615385,0.026410991723931295
2,10,2.9765362079326922,-0.0012545072115384619,0.055539100277957935
2,11,2.9782602163461536,0.00046950120192307694,0.012778423683955977
2,12,2.974752103365385,-0.003038611778846154,0.0704912402219749
2,13,2.9778921274038463,0.00010141225961538419,0.05312668306584582
2,14,2.9755521334134616,-0.0022385817307692306,0.12480645782815361
2,15,2.9736591045673078,-0.004131610576923077,0.013145257539388111
2,16,2.9744103064903844,-0.003380408653846154,0.07832283460318329
2,17,2.974203725961538,-0.0035869891826923084,0.024726275082162477
2,18,2.9756197415865384,-0.0021709735576923082,0.05638836608993559
2,19,2.972442157451923,-0.005348557692307692,0.07899422864356247
2,20,2.9767690805288463,-0.0010216346153846154,0.028971727588360377
2,21,2.979495943509615,0.0017052283653846156,-0.040650405558370926
2,22,2.979417067307693,0.0016263521634615392,-0.00799491674082646
2,23,2.973204627403846,-0.004586087740384616,0.02639123879322601
3,0,2.9754056490384615,-0.0023850661057692314,0.07155846235990913
3,1,2.9752366286057685,-0.0025540865384615385,0.02406477852926113
3,2,2.980055588942307,0.0022648737980769237,0.0509549874255464
3,3,2.979522235576923,0.0017315204326923074,0.08915618187298557
3,4,2.976630108173077,-0.001160606971153846,0.012721152689826733
3,5,2.9750450721153845,-0.0027456430288461536,0.0019711146457117323
3,6,2.979060246394231,0.0012695312499999998,0.015552943474222349
3,7,2.980386117788462,0.002595402644230769,0.005970851161169673
3,8,2.9770883413461537,-0.0007023737980769232,0.05049366768678328
3,9,2.9798565204326923,0.0020658052884615385,0.013748911075074127
3,10,2.981892277644231,0.004101562499999999,0.13814425803409788
3,11,2.980378605769231,0.002587890624999999,0.06331055134616646
3,12,2.9793607271634617,0.0015700120192307697,0.05524261271140511
3,13,2.979631159855769,0.0018404447115384615,0.03706914704383075
3,14,2.9753756009615384,-0.002415114182692308,0.016381429333883965
3,15,2.9747333233173077,-0.0030573918269230765,0.0314431191248187
3,16,2.974819711538461,-0.0029710036057692306,0.0122238900400169
3,17,2.9745154747596154,-0.0032752403846153843,0.08007545442644363
3,18,2.9788611778846152,0.0010704627403846155,-0.013241802654067296
3,19,2.980622746394231,0.0028320312500000003,0.002453057104788353
3,20,2.977118389423077,-0.0006723257211538464,0.007909184049240462
3,21,2.9767578125,-0.001032902644230769,0.04261389094977008
3,22,2.9768066406250004,-0.000984074519230769,0.0034741114950024555
3,23,2.974233774038462,-0.0035569411057692303,0.09056194292708017
4,0,2.973005558894231,-0.00478515625,0.03521092323352042
4,1,2.9770282451923076,-0.000762469951923077,0.0405784785582591
4,2,2.980085637019231,0.0022949218749999997,0.020517759955626803
4,3,2.9724496694711537,-0.005341045673076924,0.021652426654245056
4,4,2.982748647836539,0.004957932692307692,-0.019519197256863345
4,5,2.969888070913461,-0.00790264423076923,0.0240841070992936
4,6,2.975206580528846,-0.002584134615384615,0.05129944827119606
4,7,2.979822716346154,0.002032001201923077,-0.0019017965317742896
4,8,2.978380408653846,0.0005896935096153845,-0.00605837128723461
4,9,2.972224308894231,-0.005566406250000001,0.06770064018419804
4,10,2.9665264423076922,-0.01126427283653846,0.05349264604106401
4,11,2.9804048978365385,0.002614182692307692,-0.007242398977161028
4,12,2.977497746394231,-0.0002929687499999999,0.034631837128921136
4,13,2.9774864783653845,-0.00030423677884615363,0.0026398405936015204
4,14,2.971014873798077,-0.006775841346153846,0.10542910857238502
4,15,2.9729942908653846,-0.004796424278846153,0.02228046934469374
4,16,2.9779747596153845,0.00018404447115384637,0.04758625188877485
4,17,2.973204627403846,-0.004586087740384615,0.06212852916583758
4,18,2.98182842548077,0.004037710336538461,-0.01606503004267743
4,19,2.976870492788462,-0.0009202223557692313,-0.00622822812373868
4,20,2.975642277644231,-0.0021484375,-0.0029168230519377746
4,21,2.974203725961539,-0.0035869891826923075,0.02160358954649681
4,22,2.980179537259615,0.002388822115384615,0.04668190055034953
4,23,2.975893930288462,-0.0018967848557692308,0.014884914798035099
5,0,2.976998197115385,-0.0007925180288461538,0.012025969115572435
5,1,2.975495793269231,-0.0022949218750000005,0.06325773343944809
5,2,2.977291165865385,-0.0004995492788461542,0.019325209620025905
5,3,2.9839768629807684,0.006186147836538461,0.08407501483156045
5,4,2.9751201923076924,-0.002670522836538461,0.0739267209245338
5,5,2.978155048076923,0.0003643329326923078,0.033013198565182915
5,6,2.979052734375,0.0012620192307692306,-0.005033371543800176
5,7,2.981178635817308,0.0033879206730769227,0.0032470788166770394
5,8,2.979319411057692,0.0015286959134615387,0.03712197656180476
5,9,2.9798452524038463,0.0020545372596153843,0.00035474810206111753
5,10,2.9800180288461537,0.0022273137019230773,-0.032919815460517615
5,11,2.9788536658653846,0.0010629507211538463,-0.005360601280932571
5,12,2.9804462139423076,0.0026554987980769227,0.08381997105692673
5,13,2.973955829326923,-0.003834885817307692,0.07876758183373124
5,14,2.9859112079326926,0.008120492788461539,-0.0039036119670399815
5,15,2.9727351262019233,-0.005055588942307692,0.08237646783969675
5,16,2.9799879807692307,0.0021972656250000004,0.030858419493222315
5,17,2.975206580528846,-0.0025841346153846153,0.07020927040459811
5,18,2.975676081730769,-0.0021146334134615383,0.08334455787432987
5,19,2.978072415865385,0.0002817007211538464,-0.031126548963944182
5,20,2.973625300480769,-0.0041654146634615375,0.06210094046832108
5,21,2.9714731069711537,-0.006317608173076922,0.0293453708710571
5,22,2.9763070913461536,-0.0014836237980769237,0.013749743800154184
5,23,2.9818321814903848,0.004041466346153846,0.026340268516086455
6,0,2.9727013221153844,-0.005089393028846154,0.09296201377786475
6,1,2.9748347355769225,-0.002955979567307692,0.01764043284106028
6,2,2.9812913161057697,0.003500600961538462,0.0013016730555805006
6,3,2.9781850961538465,0.0003943810096153846,0.0717534422285033
6,4,2.9796724759615385,0.0018817608173076923,-0.011081992423747264
6,5,2.9787747896634613,0.0009840745192307688,-0.02262271487406834
6,6,2.9721567007211536,-0.005634014423076923,0.06551982702362605
6,7,2.9793719951923077,0.0015812800480769229,-0.01869076663879983
6,8,2.983969350961538,0.006178635817307692,0.017114665347327872
6,9,2.9726712740384618,-0.005119441105769231,0.022337128384225437
6,10,2.9796987680288463,0.0019080528846153848,-0.002958401901401773
6,11,2.9821026141826925,0.004311899038461539,0.010158211878240675
6,12,2.9764385516826914,-0.001352163461538461,0.09471716541675534
6,13,2.974541766826923,-0.0032489483173076925,0.08650541139885251
6,14,2.9764197716346152,-0.0013709435096153845,0.003768199886750342
6,15,2.9757850060096156,-0.0020057091346153844,-0.002806703602347467
6,16,2.9862905649038463,0.008499849759615385,-0.08315963243317692
6,17,2.9770132211538463,-0.000777493990384615,0.06559222613882054
6,18,2.9786996694711543,0.0009089543269230776,0.026295159983243273
6,19,2.975394381009615,-0.002396334134615385,0.05805173619060368
6,20,2.975969050480769,-0.0018216646634615383,0.03357550895005369
6,21,2.975638521634615,-0.002152193509615385,0.09838932805012439
6,22,2.975811298076924,-0.0019794170673076926,0.04294872907923067
6,23,2.976652644230769,-0.0011380709134615383,0.08992978606272847
7,0,2.979894080528846,0.0021033653846153845,0.02693849834694477
7,1,2.9832256610576926,0.005434945913461538,0.04943551633354669
7,2,2.9795898437500004,0.0017991286057692309,0.03980234274780204
7,3,2.979518479567308,0.001727764423076923,0.029635148085717947
7,4,2.977557842548076,-0.00023287259615384573,0.05192014445011622
7,5,2.9863206129807693,0.00852989783653846,-0.006845595135552449
7,6,2.974184945913462,-0.003605769230769231,0.08031185169619501
7,7,2.9796123798076914,0.001821664663461539,0.020228450232511488
7,8,2.974586838942308,-0.003203876201923077,0.09582119720499568
7,9,2.981257512019231,0.0034667968750000003,-0.03336702524018152
7,10,2.977557842548077,-0.00023287259615384573,0.08229809739790726
7,11,2.9762845552884616,-0.001506159855769231,0.028418921437376402
7,12,2.97509765625,-0.0026930588942307688,0.005215381261681042
7,13,2.9801870492788463,0.0023963341346153843,-0.0045540102174995946
7,14,2.974996243990385,-0.002794471153846154,-0.037522383337027024
7,15,2.983052884615385,0.005262169471153846,-0.006884034252294861
7,16,2.9791729266826916,0.001382211538461539,0.02907010505911701
7,17,2.9752291165865383,-0.0025615985576923077,0.07751379895764145
7,18,2.9719200721153842,-0.005870643028846155,0.05960308548369131
7,19,2.976404747596154,-0.0013859675480769234,0.0404037265561317
7,20,2.977723106971154,-6.760817307692457e-05,0.09079077729647882
7,21,2.9769869290865385,-0.0008037860576923073,0.01694310001004336
7,22,2.982219050480769,0.004428335336538462,0.01681543627270676
7,23,2.9810997596153843,0.0033090444711538465,-0.000750446399393867
8,0,2.983214393028846,0.005423677884615386,0.003567768990446393
8,1,2.9813701923076925,0.0035794771634615383,0.0026701834207459177
8,2,2.983954326923077,0.0061636117788461545,-0.027436673396899126
8,3,2.9788949819711545,0.0011042668269230767,0.00026580485006524613
8,4,2.9761192908653844,-0.0016714242788461535,0.06425694178304303
8,5,2.9847393329326923,0.006948617788461538,0.0058590928443649475
8,6,2.981621844951923,0.0038311298076923075,-0.012905150057286787
8,7,2.9807466947115384,0.0029559795673076918,-0.019830807961303636
8,8,2.981005859375,0.003215144230769231,-0.059618766810152386
8,9,2.9803523137019234,0.0025615985576923077,-0.04473683481100183
8,10,2.9799917367788455,0.0022010216346153837,-0.029346052448083408
8,11,2.982696063701923,0.004905348557692308,-0.006218728550407774
8,12,2.9847055288461544,0.006914813701923076,0.0014526053157914655
8,13,2.977689302884616,-0.00010141225961538419,-0.023062871585961004
8,14,2.9808255709134617,0.0030348557692307693,0.007608900172198884
8,15,2.9839956430288463,0.006204927884615384,0.01167825566310283
8,16,2.9791466346153843,0.001355919471153846,-0.013491249432180146
8,17,2.9812988281249995,0.003508112980769231,0.0029347282584362634
8,18,2.9827974759615383,0.005006760817307693,-0.020625444835760967
8,19,2.9801419771634623,0.00235126201923077,0.04564330641746791
8,20,2.9837214543269233,0.005930739182692307,-0.019023782432327004
8,21,2.976678936298077,-0.001111778846153846,0.010528464184728276
8,22,2.9784592848557687,0.0006685697115384614,0.017771918563531178
8,23,2.9785982572115377,0.0008075420673076923,-0.006657530863737852
9,0,2.9862530048076916,0.008462289663461539,-0.05263423271042714
9,1,2.9803372896634617,0.0025465745192307693,-0.0392507875106067
9,2,2.979710036057692,0.0019193209134615388,0.011496294026468947
9,3,2.979792668269231,0.0020019531250000003,0.05620224504967657
9,4,2.9809870793269235,0.0031963641826923067,0.0306699345942189
9,5,2.9817007211538464,0.003910006009615385,0.0031731934925267494
9,6,2.9846717247596155,0.006881009615384615,-0.0012426118893673086
9,7,2.9794208233173074,0.0016301081730769234,0.010649260371151723
9,8,2.981231219951923,0.0034405048076923076,-0.012484384363301265
9,9,2.977730618990385,-6.00961538461539e-05,0.013783744195620777
9,10,2.9814828725961537,0.003692157451923077,-0.009100008085855964
9,11,2.980498798076923,0.0027080829326923076,-0.042567402137988666
9,12,2.973959585336538,-0.0038311298076923075,0.04338820786172188
9,13,2.979424579326923,0.0016338641826923077,-0.020397225066378158
9,14,2.980573918269231,0.0027832031250000005,-0.0015517306149510656
9,15,2.9809720552884618,0.003181340144230769,-0.03715585812280075
9,16,2.9802133413461545,0.002422626201923077,0.00356291595514975
9,17,2.978586989182692,0.0007962740384615383,-0.015739314514512985
9,18,2.9825007512019233,0.004710036057692308,-0.06073325548880308
9,19,2.9794658954326922,0.0016751802884615381,-0.02156183722387972
9,20,2.980630258413462,0.002839543269230769,0.01838665696812832
9,21,2.972235576923077,-0.0055551382211538455,0.026396626727469882
9,22,2.9791992187499994,0.0014085036057692314,0.019410992936786643
9,23,2.9798377403846157,0.0020470252403846155,-0.0018664889084580817
10,0,2.979071514423077,0.0012807992788461536,0.0009958076194551563
10,1,2.9819974459134615,0.004206730769230769,0.027438070902537196
10,2,2.976438551682693,-0.0013521634615384613,0.003176575717339094
10,3,2.981355168269231,0.0035644531250000003,-0.010016050811509958
10,4,2.978493088942308,0.0007023737980769234,0.009248822909675825
10,5,2.9837139423076926,0.005923227163461538,-0.02574869786545447
10,6,2.9825458233173077,0.0047551081730769235,-0.02605397336822298
10,7,2.9796762319711543,0.0018855168269230765,0.07195495990272215
10,8,2.9816594050480774,0.003868689903846154,-0.036293591839716345
10,9,2.9806415264423074,0.0028508112980769234,0.04979164255777723
10,10,2.978981370192308,0.0011906550480769234,-0.0015039296957025379
10,11,2.980476262019231,0.002685546875,0.0017366172903805317
10,12,2.973001802884615,-0.004788912259615385,0.019938985570760633
10,13,2.983909254807692,0.006118539663461538,0.0043169104506315436
10,14,2.9828350360576916,0.00504432091346154,0.05619469635930751
10,15,2.981452824519231,0.003662109374999999,0.04619505594399664
10,16,2.9841271033653842,0.006336388221153847,-0.0012312922737266795
10,17,2.977753155048077,-3.756009615384562e-05,0.06040531296647295
10,18,2.980821814903846,0.0030310997596153847,-0.04680319063526593
10,19,2.979578575721154,0.0017878605769230773,0.001196756787376906
10,20,2.9773099459134613,-0.0004807692307692312,0.10507459438964611
10,21,2.9821439302884616,0.0043532151442307685,-0.003168049265212293
10,22,2.977629206730769,-0.0001615084134615385,-0.03192475677747733
10,23,2.9763033353365382,-0.0014873798076923072,-0.001896843210079448
11,0,2.980412409855769,0.0026216947115384613,-0.01919590246381387
11,1,2.976724008413461,-0.0010667067307692302,0.04227615183184506
11,2,2.9813551682692316,0.0035644531250000003,-0.043577789775455726
11,3,2.9825157752403846,0.004725060096153846,-0.013780613981815664
11,4,2.978951322115385,0.0011606069711538464,0.012810416136264706
11,5,2.9772085336538456,-0.0005821814903846148,0.06028919866116112
11,6,2.9831204927884616,0.00532977764423077,0.03682841873169863
11,7,2.980754206730769,0.002963491586538462,-0.003298640297058423
11,8,2.973508864182693,-0.004281850961538462,0.07185499864450226
11,9,2.981550480769231,0.0037597656250000005,-0.0026570387679624376
11,10,2.9819185697115382,0.004127854567307692,0.025242189588799122
11,11,2.9824293870192307,0.004638671875000001,-0.024974827854396413
11,12,2.975146484375,-0.0026442307692307694,0.07078527241742136
11,13,2.978429236778846,0.0006385216346153846,0.09351623736387515
11,14,2.9808443509615383,0.0030536358173076923,0.003657476605565298
11,15,2.984127103365385,0.006336388221153845,-0.04567823498606701
11,16,2.9811485877403845,0.0033578725961538464,-0.0006372800857486621
11,17,2.982666015625,0.004875300480769231,-0.028952741048198505
11,18,2.978966346153846,0.0011756310096153846,0.03260979985952526
11,19,2.9798452524038463,0.002054537259615385,0.048021900306355225
11,20,2.9822340745192304,0.004443359375,-0.02764901343385541
11,21,2.982842548076923,0.005051832932692308,0.006495325694046867
11,22,2.9806340144230767,0.002843299278846154,-0.008526058012619403
11,23,2.9789776141826922,0.0011868990384615381,0.05198638149402591
12,0,2.983248197115384,0.005457481971153846,-0.051255523111207034
12,1,2.974921123798077,-0.002869591346153847,0.06839206230410017
12,2,2.9806865985576922,0.0028958834134615386,-0.017544567119380468
12,3,2.9743577223557693,-0.003432992788461538,0.07452293233551546
12,4,2.976596304086539,-0.0011944110576923076,0.06389972865208725
12,5,2.978973858173077,0.0011831430288461533,0.04004266217415015
12,6,2.9833045372596154,0.005513822115384616,0.03662312351656291
12,7,2.984566556490385,0.006775841346153846,0.03585926160198718
12,8,2.975668569711538,-0.0021221454326923075,0.06672459433733369
12,9,2.981358924278846,0.0035682091346153845,0.0011750923299494373
12,10,2.973245943509615,-0.004544771634615385,0.08262377136492818
12,11,2.9830115685096152,0.005220853365384615,0.015688410925933306
12,12,2.9836275540865382,0.005836838942307692,-0.00048150782313931165
12,13,2.9835637019230767,0.005772986778846154,-0.011573600985268257
12,14,2.979924128605769,0.0021334134615384618,0.022028697340509742
12,15,2.9758751502403844,-0.0019155649038461538,0.0349625634521554
12,16,2.975567157451924,-0.002223557692307692,0.08146101791843798
12,17,2.982046274038462,0.00425555889423077,0.023430797049416637
12,18,2.974387770432692,-0.003402944711538462,0.10242518090134316
12,19,2.9793795072115383,0.0015887920673076923,0.02712406651583068
12,20,2.9788198617788457,0.0010291466346153849,0.024231442718497847
12,21,2.9725585937499996,-0.00523212139423077,0.11863400729133655
12,22,2.984690504807692,0.006899789663461538,-0.008789922154874449
12,23,2.978282752403847,0.0004920372596153849,0.01379517236038889
13,0,2.9861778846153846,0.008387169471153845,-0.025469239769791038
13,1,2.974785907451923,-0.0030048076923076933,0.06745193630963284
13,2,2.9798264723557697,0.002035757211538462,0.01672820354630071
13,3,2.9849797175480766,0.007189002403846154,0.006688420743859964
13,4,2.9823505108173074,0.004559795673076923,0.011077621980853799
13,5,2.9759803185096154,-0.0018103966346153845,0.027657982886712066
13,6,2.982125150240385,0.004334435096153846,-0.0062503998000137395
13,7,2.9812800480769233,0.0034893329326923074,-0.025385876853148533
13,8,2.9791691706730767,0.001378455528846154,0.037084074197432156
13,9,2.9815692608173077,0.0037785456730769227,-0.040741380046510164
13,10,2.9779371995192303,0.00014648437499999943,-0.03759267351017839
13,11,2.9818321814903843,0.0040414663461538465,0.006262753804766763
13,12,2.9739708533653846,-0.0038198617788461533,0.042783318872093475
13,13,2.981554236778846,0.0037635216346153847,-0.003967708450662095
13,14,2.9820800781249996,0.004289362980769231,-0.010330639397378188
13,15,2.981512920673077,0.0037222055288461536,0.009452024973347652
13,16,2.979071514423077,0.0012807992788461536,-0.005784548077968805
13,17,2.984972205528846,0.007181490384615385,-0.006944002419596911
13,18,2.9810922475961537,0.003301532451923076,0.08011593547164639
13,19,2.981107271634615,0.0033165564903846157,-0.03919439577216747
13,20,2.976645132211538,-0.0011455829326923077,0.00764782040747645
13,21,2.98280498798077,0.005014272836538462,-0.05100510343391777
13,22,2.9822528545673075,0.004462139423076924,0.006737698274227983
13,23,2.980310997596154,0.002520282451923077,0.022487196172247682
14,0,2.976400991586539,-0.0013897235576923082,0.04044580870602758
14,1,2.9827749399038463,0.004984224759615385,0.028187566529369476
14,2,2.980487530048077,0.002696814903846154,-0.020642986669521
14,3,2.981576772836538,0.0037860576923076923,-0.0059418050076456485
14,4,2.980277193509615,0.002486478365384615,-0.0034781696654098138
14,5,2.9792931189903844,0.0015024038461538456,0.04670294360587886
14,6,2.9791015624999995,0.0013108473557692309,0.027822270149840587
14,7,2.9791691706730767,0.001378455528846154,0.0055979744878823295
14,8,2.981884765625,0.004094050480769231,0.015496310973960361
14,9,2.977264873798077,-0.0005258413461538459,0.027727234036691143
14,10,2.980908203125,0.003117487980769231,0.05187126636197248
14,11,2.979950420673077,0.002159705528846154,0.02369696025925103
14,12,2.981223707932693,0.003432992788461539,0.028324855933835717
14,13,2.9851449819711537,0.007354266826923078,0.029998335471942895
14,14,2.9791053185096152,0.0013146033653846155,0.019462231380099896
14,15,2.974432842548077,-0.0033578725961538464,0.02492400511141246
14,16,2.981817157451923,0.004026442307692308,0.033138391061315206
14,17,2.977753155048077,-3.7560096153845885e-05,-0.01837654743539399
14,18,2.9749511718749995,-0.002839543269230769,-0.005455147090659828
14,19,2.9836688701923078,0.005878155048076922,0.010978450009919193
14,20,2.9799954927884613,0.002204777644230769,0.02273702845580811
14,21,2.980059344951923,0.0022686298076923074,0.034366089325024704
14,22,2.9782301682692305,0.0004394531250000001,0.014407103393150038
14,23,2.980562650240384,0.0027719350961538467,-0.013730231169314301
15,0,2.977516526442308,-0.0002741887019230772,0.0015551828633519316
15,1,2.9826359675480774,0.004845252403846154,0.02839860168093234
15,2,2.9847092848557697,0.006918569711538462,-0.014265739001764236
15,3,2.9795635516826926,0.0017728365384615387,0.02790735491837051
15,4,2.9805851862980766,0.002794471153846154,-0.022335972552330215
15,5,2.979033954326923,0.0012432391826923074,0.013298160409081612
15,6,2.9794621394230774,0.0016714242788461535,0.003951360339818718
15,7,2.980626502403846,0.0028357872596153845,0.01969835752881616
15,8,2.976115534855769,-0.0016751802884615386,0.050127362521717164
15,9,2.979957932692308,0.0021672175480769236,0.001212846528118404
15,10,2.978827373798077,0.0010366586538461545,0.008280286153149442
15,11,2.9778620793269233,7.136418269230737e-05,0.011505915474032801
15,12,2.977313701923076,-0.00047701322115384543,0.039880542958630416
15,13,2.981144831730769,0.0033541165865384618,0.006007595411049963
15,14,2.9818997896634625,0.004109074519230769,0.01614110081803968
15,15,2.983695162259615,0.005904447115384615,-0.020753287823463782
15,16,2.9780235877403842,0.00023287259615384625,0.02887039754352993
15,17,2.983221905048077,0.0054311899038461545,0.02275444726697009
15,18,2.9852989783653845,0.0075082632211538455,0.021760302891562548
15,19,2.977644230769231,-0.00014648437499999967,0.07475698875305013
15,20,2.980990835336539,0.003200120192307692,-0.02581591422303723
15,21,2.9775503305288455,-0.00024038461538461534,-0.016723028094036325
15,22,2.97802734375,0.00023662860576923226,0.11067490538953836
15,23,2.984074519230769,0.006283804086538461,0.0042045787326114754
16,0,2.980641526442308,0.0028508112980769234,-0.0001480162505909441
16,1,2.9805138221153844,0.002723106971153847,-0.020416862300249264
16,2,2.9783954326923077,0.0006047175480769231,0.00919929474249814
16,3,2.973876953125,-0.003913762019230769,0.06884724097120355
16,4,2.9802621694711537,0.0024714543269230773,0.005642940808918363
16,5,2.983698918269231,0.005908203125000001,0.0460377929502991
16,6,2.9807279146634613,0.002937199519230769,-0.037065622228853325
16,7,2.9783278245192304,0.0005371093750000002,-0.019935731867122903
16,8,2.9791541466346154,0.0013634314903846153,-0.011932175460226414
16,9,2.98363506610577,0.005844350961538462,0.006308749072911397
16,10,2.979326923076923,0.0015362079326923077,-0.01526947182499765
16,11,2.9827974759615383,0.005006760817307693,0.01028751379106655
16,12,2.979897836538462,0.002107121394230769,0.04691173527136207
16,13,2.9792405348557693,0.0014498197115384614,0.043588009902153065
16,14,2.978778545673077,0.0009878305288461538,0.01312678770452395
16,15,2.9814415564903842,0.0036508413461538466,0.000309578592593818
16,16,2.981343900240385,0.003553185096153846,0.01939040027503652
16,17,2.9823204627403848,0.004529747596153846,0.008591363249739746
16,18,2.9820575420673077,0.004266826923076923,0.005890908706024384
16,19,2.979510967548077,0.0017202524038461538,0.009404201157276519
16,20,2.9809457632211536,0.0031550480769230774,0.04830988272057968
16,21,2.9788048377403844,0.0010141225961538462,0.041523724354827304
16,22,2.979165414663461,0.0013746995192307696,0.017401234797634217
16,23,2.9809720552884618,0.003181340144230769,-0.0033697027653517694
17,0,2.9781775841346154,0.0003868689903846158,0.05780901111178706
17,1,2.9817044771634613,0.003913762019230769,0.04167139227372912
17,2,2.979755108173077,0.0019643930288461542,0.03742219450216362
17,3,2.979755108173077,0.0019643930288461534,-0.007054217623523403
17,4,2.981043419471154,0.0032527043269230766,0.006116650433916423
17,5,2.979435847355769,0.001645132211538462,0.04823943863159508
17,6,2.980153245192308,0.0023625300480769234,-0.010623266133165537
17,7,2.98046875,0.0026780348557692312,0.0454015593384304
17,8,2.9809232271634616,0.0031325120192307685,0.01663514619685523
17,9,2.9805701622596152,0.0027794471153846155,-0.016571105659322728
17,10,2.9815204326923075,0.0037297175480769237,-0.005027693024941627
17,11,2.980119441105769,0.002328725961538461,-0.016925290783214298
17,12,2.9791053185096152,0.0013146033653846155,0.0724810926111741
17,13,2.9801081730769234,0.0023174579326923073,-0.012263883187599701
17,14,2.979612379807693,0.0018216646634615383,-0.014899989214434512
17,15,2.9776367187499995,-0.00015399639423076942,0.0042710345474722905
17,16,2.9815467247596157,0.0037560096153846155,0.0308165802189145
17,17,2.979364483173077,0.0015737680288461541,0.05304736615215063
17,18,2.9833571213942305,0.005566406250000001,-0.024622986136749795
17,19,2.978549429086539,0.0007587139423076919,0.03766296802337609
17,20,2.9810208834134615,0.0032301682692307686,-0.014722542363637781
17,21,2.9796724759615385,0.0018817608173076932,0.0278948836813751
17,22,2.980070612980769,0.0022798978365384612,0.022271188972710573
17,23,2.9815767728365383,0.0037860576923076923,-0.01356451557770206
18,0,2.9799917367788464,0.0022010216346153846,0.025397616149024877
18,1,2.9824444110576924,0.004653695913461539,0.0022540394975070783
18,2,2.9802734375,0.0024827223557692306,0.08875037576969604
18,3,2.9796837439903845,0.0018930288461538464,-0.008711709392338321
18,4,2.9791353665865383,0.0013446514423076923,0.02560392884239598
18,5,2.9801269531250005,0.0023362379807692307,-0.013795936919350018
18,6,2.980596454326923,0.0028057391826923073,0.016814425323157443
18,7,2.9807279146634618,0.0029371995192307688,0.06657015545428793
18,8,2.9780724158653844,0.0002817007211538451,0.09387152982120517
18,9,2.980419921875,0.002629206730769231,0.057751911728766044
18,10,2.981640625,0.003849909855769232,0.013713929827049177
18,11,2.9809833233173078,0.003192608173076923,0.025514367825478626
18,12,2.9818960336538463,0.004105318509615385,-0.008534564816247852
18,13,2.9814678485576924,0.003677133413461539,-0.0015851380803101312
18,14,2.9794546274038463,0.001663912259615385,0.020935868236167866
18,15,2.98057391826923,0.0027832031250000005,0.005106118303195803
18,16,2.9807917668269233,0.0030010516826923074,-0.010176235552268011
18,17,2.9819711538461533,0.004180438701923076,0.04824038823518647
18,18,2.9775540865384618,-0.0002366286057692312,0.05949290414618147
18,19,2.9819598858173078,0.004169170673076923,-0.01932095469548161
18,20,2.9762770432692305,-0.0015136718750000005,0.051509736958355506
18,21,2.9822528545673075,0.004462139423076924,-0.03301023066100096
18,22,2.981516676682692,0.0037259615384615382,0.02791180145633025
18,23,2.982181490384615,0.004390775240384615,0.015654343347022967
19,0,2.9831805889423078,0.005389873798076923,-0.009748059165783241
19,1,2.978819861778846,0.0010291466346153846,0.01094484800208233
19,2,2.9766000600961537,-0.0011906550480769232,0.07855393444026323
19,3,2.9806640625,0.0028733473557692297,0.03513640507959344
19,4,2.9837176983173075,0.005926983173076923,-0.026940306179848203
19,5,2.97705078125,-0.0007399338942307693,0.02946565761306124
19,6,2.9794771634615387,0.0016864483173076926,-0.02033818518790604
19,7,2.9764798677884623,-0.0013108473557692309,0.05270355876812445
19,8,2.9820612980769234,0.004270582932692307,-0.0032700152236216575
19,9,2.9804612379807693,0.002670522836538462,-0.01915549453954494
19,10,2.980878155048077,0.0030874399038461533,-0.00904249215814187
19,11,2.9839731069711535,0.006182391826923077,0.0185927397604706
19,12,2.982042518028846,0.004251802884615385,-0.005641917092813572
19,13,2.9811673677884616,0.003376652644230769,0.020765291730134437
19,14,2.9813701923076925,0.0035794771634615388,0.01710740906042314
19,15,2.980021784855769,0.002231069711538462,0.0251453656701277
19,16,2.9810471754807697,0.0032564603365384612,0.006858682870246358
19,17,2.980063100961539,0.0022723858173076916,0.04231751990599755
19,18,2.983698918269231,0.005908203125000001,0.019012500880181665
19,19,2.982177734375,0.004387019230769231,0.02762077557423367
19,20,2.981122295673077,0.0033315805288461533,-0.02371213559984864
19,21,2.985062349759615,0.007271634615384614,0.03829921415922772
19,22,2.9819974459134615,0.004206730769230768,0.02430728262126495
19,23,2.978695913461538,0.0009051983173076925,-0.00410021418116307
20,0,2.9801908052884616,0.0024000901442307694,0.052694807924364546
20,1,2.9829627403846155,0.005172025240384615,-0.0057131904387319014
20,2,2.981772085336539,0.003981370192307692,-0.003962089220545418
20,3,2.984104567307692,0.0063138521634615394,0.005832695152608238
20,4,2.9804349459134616,0.0026442307692307694,0.022310156379637038
20,5,2.9833646334134616,0.005573918269230769,0.000167512851786871
20,6,2.9824631911057695,0.004672475961538461,-0.01034365941163625
20,7,2.980682842548077,0.002892127403846154,-0.013015306608054954
20,8,2.981268780048077,0.0034780649038461536,0.011540104298361855
20,9,2.9810997596153848,0.003309044471153846,0.004401767327429825
20,10,2.981253756009615,0.0034630408653846157,-0.02404629984486845
20,11,2.9853816105769226,0.007590895432692308,0.016384744937121727
20,12,2.9836050180288463,0.005814302884615385,0.008213800273725378
20,13,2.9843374399038463,0.006546724759615385,0.001263168699457756
20,14,2.981159855769231,0.0033691406249999997,0.016085481597054793
20,15,2.9830115685096152,0.005220853365384615,0.014449195779514019
20,16,2.9834923377403846,0.005701622596153847,0.02428220522254477
20,17,2.979064002403846,0.0012732872596153842,-0.006725163136825725
20,18,2.979743840144231,0.001953125,0.03502081393470956
20,19,2.977835787259615,4.507211538461549e-05,0.010846494880228763
20,20,2.9836688701923078,0.005878155048076923,0.014357729837503434
20,21,2.985137469951923,0.007346754807692308,0.013536321421642529
20,22,2.9806790865384616,0.0028883713942307694,-0.007455774243377362
20,23,2.9808706430288465,0.003079927884615384,-0.007221039509764544
21,0,2.978763521634615,0.0009728064903846156,0.01576770015674365
21,1,2.980671574519231,0.0028808593749999997,-0.01482854344126195
21,2,2.9780949519230777,0.0003042367788461539,0.01686216538097378
21,3,2.982249098557692,0.004458383413461538,0.011628277998176836
21,4,2.983094200721154,0.005303485576923076,-0.005290853726942471
21,5,2.983060396634616,0.005269681490384615,0.008841035890189173
21,6,2.9806039663461537,0.0028132512019230773,-0.0005647883168393148
21,7,2.975371844951923,-0.0024188701923076924,0.08829249679776749
21,8,2.9866736778846152,0.008882962740384616,0.005372668298496171
21,9,2.980074368990385,0.0022836538461538467,0.019950143300870613
21,10,2.9818096454326923,0.004018930288461538,0.030916660186137902
21,11,2.979202974759615,0.0014122596153846158,0.0075276691915934545
21,12,2.9780649038461537,0.00027418870192307736,0.09084419194321487
21,13,2.984010667067307,0.006219951923076923,0.03182107028092685
21,14,2.980089393028846,0.0022986778846153847,0.012843157249654603
21,15,2.98173828125,0.0039475661057692315,0.006144271117911416
21,16,2.9816180889423074,0.0038273737980769234,0.02718752181021196
21,17,2.981595552884615,0.0038048377403846157,-9.145768643950985e-05
21,18,2.984247295673077,0.006456580528846154,0.014937748354088228
21,19,2.9822753906250004,0.004484675480769231,0.019035051193402
21,20,2.982632211538461,0.004841496394230769,0.009055856628667903
21,21,2.984089543269231,0.006298828124999999,0.030104963974791996
21,22,2.9804725060096158,0.0026817908653846154,0.03464955111237067
21,23,2.9837890625000005,0.005998347355769231,0.016024510824649705
22,0,2.9810434194711544,0.0032527043269230766,0.043956918001750236
22,1,2.982823768028846,0.005033052884615385,0.013535682046064602
22,2,2.9817270132211537,0.003936298076923076,0.0014175908293312287
22,3,2.9803185096153846,0.002527794471153846,0.013349862273417723
22,4,2.9841646634615384,0.006373948317307693,0.03510639687036106
22,5,2.9844726562500004,0.006681941105769231,0.02984119203479058
22,6,2.9828087439903843,0.005018028846153846,0.006623859153436374
22,7,2.977858323317307,6.760817307692297e-05,0.013283631511995388
22,8,2.9794133112980767,0.001622596153846154,0.025101764392545363
22,9,2.982974008413462,0.00518329326923077,0.0124060759489705
22,10,2.9806039663461537,0.0028132512019230773,0.024376365450793285
22,11,2.9833383413461543,0.005547626201923076,0.03314473594078259
22,12,2.9863544170673078,0.008563701923076924,0.020304481919557634
22,13,2.984510216346154,0.006719501201923077,-0.003540982848007197
22,14,2.9774864783653845,-0.00030423677884615363,0.0935432212197511
22,15,2.982850060096154,0.005059344951923076,0.014701708056733365
22,16,2.979064002403846,0.0012732872596153846,-0.017248158779523702
22,17,2.979743840144231,0.001953125,0.0006827062642507197
22,18,2.973692908653846,-0.004097806490384616,0.07443898322194373
22,19,2.985107421875,0.0073167067307692325,0.014317015790586984
22,20,2.9797851562499997,0.0019944411057692306,0.0897313286509034
22,21,2.9843825120192307,0.006591796875,0.006726575625018032
22,22,2.981670673076923,0.0038799579326923082,0.027223369303178806
22,23,2.9761380709134615,-0.0016526442307692314,0.07033883806672067
23,0,2.980187049278846,0.0023963341346153843,-0.009844167159276095
23,1,2.9826171875,0.004826472355769231,-0.012457374548436869
23,2,2.9800555889423075,0.0022648737980769233,-0.009647816952173146
23,3,2.9835336538461537,0.005742938701923078,0.03299549786558221
23,4,2.9859487680288463,0.008158052884615385,0.028171641864233425
23,5,2.9830228365384617,0.005232121394230769,0.030612261079863805
23,6,2.984637920673077,0.006847205528846153,0.02187074391207187
23,7,2.9786095252403846,0.0008188100961538461,0.01900157083539049
23,8,2.978729717548077,0.0009390024038461539,0.024363849461372898
23,9,2.9807654747596155,0.0029747596153846157,0.01622991961063994
23,10,2.983777794471154,0.0059870793269230765,0.011623462865518271
23,11,2.981595552884615,0.0038048377403846153,-0.0006766216631537375
23,12,2.983221905048077,0.005431189903846154,0.023159151449497425
23,13,2.9809044471153845,0.003113731971153846,0.027014494530210844
23,14,2.9782189002403845,0.00042818509615384637,0.09404559829668739
23,15,2.980521334134615,0.002730618990384614,0.08032061251151187
23,16,2.9817157451923078,0.003925030048076923,-0.0015765011943103624
23,17,2.9798865685096154,0.0020958533653846157,0.03229623838211307
23,18,2.978894981971154,0.0011042668269230771,0.009565952064281137
23,19,2.980217097355769,0.002426382211538462,0.03748651264254736
23,20,2.979830228365384,0.002039513221153846,0.0220124935368724
23,21,2.978782301682692,0.0009915865384615382,0.07095273270721134
23,22,2.983492337740385,0.005701622596153847,-0.008923533676088584
23,23,2.9814077524038467,0.003617037259615384,0.03464762715015478
24,0,2.9817270132211537,0.003936298076923078,-0.005118755744962391
24,1,2.981869741586538,0.0040790264423076926,-0.004342184999241502
24,2,2.9797250600961536,0.0019343449519230774,0.01376869873738749
24,3,2.9855694110576922,0.007778695913461539,0.022714297809657162
24,4,2.979890324519231,0.0020996093749999995,0.018617140609988904
24,5,2.9826134314903845,0.004822716346153846,0.023719268971852205
24,6,2.9833458533653845,0.0055551382211538455,-0.0035995502142795108
24,7,2.9808819110576925,0.003091195913461538,-0.006446210272121842
24,8,2.981328876201923,0.0035381610576923073,0.029382251184806658
24,9,2.982260366586538,0.004469651442307691,0.034358068248005996
24,10,2.977024489182692,-0.0007662259615384617,0.09330502050442682
24,11,2.979052734375,0.001262019230769231,0.029429040439554913
24,12,2.9805401141826926,0.002749399038461539,0.02712615383973889
24,13,2.9820988581730767,0.004308143028846154,0.011333641073732857
24,14,2.9825458233173077,0.004755108173076923,-0.0007312938354369044
24,15,2.9842735877403848,0.006482872596153846,0.007456570146687431
24,16,2.98271484375,0.004924128605769231,0.03017510266475545
24,17,2.981794621394231,0.00400390625,0.017664172724354943
24,18,2.9809232271634616,0.0031325120192307694,-0.010883924027201345
24,19,2.9800330528846155,0.002242337740384615,0.029777083544683582
24,20,2.983094200721154,0.005303485576923076,-0.0012580920536303677
24,21,2.9823467548076925,0.004556039663461539,-0.0022478183339233893
24,22,2.981599308894231,0.0038085937500000003,0.024232318130916735
24,23,2.98340594951923,0.005615234375,0.0032175832510302847
25,0,2.979533503605769,0.0017427884615384619,0.03753587992800251
25,1,2.981002103365385,0.003211388221153846,0.005725147560033674
25,2,2.980731670673077,0.002940955528846154,0.0017337907336845613
25,3,2.9783390925480764,0.0005483774038461536,0.009159292614743325
25,4,2.9829251802884613,0.00513446514423077,0.007884777072791309
25,5,2.9806152343750005,0.0028245192307692303,0.004200394417001511
25,6,2.9827674278846152,0.004976712740384615,0.016833094725134362
25,7,2.981407752403846,0.0036170372596153843,0.0033933723464799883
25,8,2.977317457932692,-0.0004732572115384613,0.004215018371467588
25,9,2.979319411057692,0.0015286959134615382,-0.00895531504534982
25,10,2.9812161959134613,0.00342548076923077,-0.01317602652597071
25,11,2.9815467247596152,0.0037560096153846155,0.015491385788979933
25,12,2.9841909555288457,0.006400240384615384,0.0031121330770356786
25,13,2.9820838341346154,0.004293118990384616,0.016223297576184174
25,14,2.981013371394231,0.0032226562499999994,0.03462972288714419
25,15,2.981685697115385,0.0038949819711538458,-0.012123469691104697
25,16,2.9836050180288463,0.005814302884615384,0.012140132113342595
25,17,2.9826509915865387,0.004860276442307692,0.0019409059813292294
25,18,2.981283804086538,0.0034930889423076925,-0.008836595248376738
25,19,2.980284705528846,0.0024939903846153853,0.01891389357386211
25,20,2.9820350060096157,0.004244290865384614,0.005858995257148559
25,21,2.9819711538461537,0.004180438701923077,0.0028343174129965036
25,22,2.98252704326923,0.0047363281250000005,-0.011307280808283023
25,23,2.9809382512019225,0.003147536057692308,0.018464423746228916
26,0,2.981039663461538,0.0032489483173076925,0.0031119935164547665
26,1,2.983308293269231,0.005517578125,0.0025411515566354783
26,2,2.9842510516826923,0.006460336538461538,0.0050969500086737295
26,3,2.985355318509615,0.0075646033653846145,0.013776292607790048
26,4,2.9831430288461536,0.005352313701923077,0.006883608075681978
26,5,2.98173828125,0.003947566105769231,-0.0005619248271120399
26,6,2.9843487079326922,0.006557992788461539,0.014148982644721171
26,7,2.9831392728365387,0.0053485576923076915,0.009948213411191233
26,8,2.9839993990384617,0.006208683894230769,0.009453552746070739
26,9,2.982594651442308,0.004803936298076923,0.0007589201256335017
26,10,2.9835411658653848,0.005750450721153846,0.00825067487715184
26,11,2.9828425480769236,0.005051832932692308,0.011588116207900769
26,12,2.982692307692308,0.004901592548076923,0.009413170624067331
26,13,2.981903545673077,0.004112830528846154,0.01590535913802498
26,14,2.9831167367788463,0.005326021634615385,0.011725198215284005
26,15,2.9840369591346154,0.006246243990384615,0.01252638261840913
26,16,2.9839167668269226,0.006126051682692308,0.008269236259633954
26,17,2.983913010817308,0.006122295673076923,0.010047342004527225
26,18,2.9832970252403843,0.005506310096153846,0.01748101178963182
26,19,2.9841609074519235,0.006370192307692308,0.01995340821985391
26,20,2.9846829927884615,0.00689227764423077,0.010518359509562857
26,21,2.9827373798076926,0.004946664663461538,0.003902549611397408
26,22,2.982981520432692,0.005190805288461538,0.0033232204265663855
26,23,2.983759014423077,0.005968299278846154,0.009674709773150499
27,0,2.9838078425480767,0.006017127403846153,0.015985357136206593
27,1,2.9838078425480767,0.006017127403846153,0.015985357136206593
27,2,2.9838078425480767,0.006017127403846153,0.015985357136206593
27,3,2.9838078425480767,0.006017127403846153,0.015985357136206593
27,4,2.9838078425480767,0.006017127403846153,0.015985357136206593
27,5,2.9838078425480767,0.006017127403846153,0.015985357136206593
27,6,2.9838078425480767,0.006017127403846153,0.015985357136206593
27,7,2.9838078425480767,0.006017127403846153,0.015985357136206593
27,8,2.9838078425480767,0.006017127403846153,0.015985357136206593
27,9,2.9838078425480767,0.006017127403846153,0.015985357136206593
27,10,2.9838078425480767,0.006017127403846153,0.015985357136206593
27,11,2.9838078425480767,0.006017127403846153,0.015985357136206593
27,12,2.9838078425480767,0.006017127403846153,0.015985357136206593
27,13,2.9838078425480767,0.006017127403846153,0.015985357136206593
27,14,2.9838078425480767,0.006017127403846153,0.015985357136206593
27,15,2.9838078425480767,0.006017127403846153,0.015985357136206593
27,16,2.9838078425480767,0.006017127403846153,0.015985357136206593
27,17,2.9838078425480767,0.006017127403846153,0.015985357136206593
27,18,2.9838078425480767,0.006017127403846153,0.015985357136206593
27,19,2.9838078425480767,0.006017127403846153,0.015985357136206593
27,20,2.9838078425480767,0.006017127403846153,0.015985357136206593
27,21,2.9838078425480767,0.006017127403846153,0.015985357136206593
27,22,2.9838078425480767,0.006017127403846153,0.015985357136206593
27,23,2.9838078425480767,0.006017127403846153,0.015985357136206593
