ABBR,sentence_a,sentence_b,sentence_c,total_effect_a_minus_b,row_count
AAA,5.61953125,5.4263671875,1.67421875,0.1931640624999993,5
ABG,2.9671875,2.76953125,-0.728125,0.1976562500000001,5
ABR,1.5126953125,1.0021484375,0.064453125,0.510546875,5
ACE,2.3818359375,2.33515625,0.75234375,0.04667968750000018,5
ACL,2.1947265625,2.50390625,-0.04443359375,-0.3091796874999999,5
ADA,3.0912109375,2.8224609375,-0.4283203125,0.26875000000000027,5
ADL,1.722265625,1.349609375,0.280078125,0.3726562499999999,5
AFB,2.23203125,2.125,-0.6390625,0.10703124999999991,5
AFP,1.905078125,2.11640625,0.35078125,-0.21132812499999987,5
AGA,4.781640625,4.42109375,-0.221875,0.3605468749999998,5
AICD,1.836328125,1.766796875,-1.83701171875,0.06953125000000004,5
ALD,2.81171875,2.38125,-2.0591796875,0.43046874999999973,5
ALS,3.1763671875,3.0275390625,-0.2640625,0.1488281250000001,5
AMA,2.11953125,2.19296875,-1.429296875,-0.07343749999999982,5
AML,2.785546875,2.603515625,-0.10234375,0.1820312500000001,5
ANA,2.9005859375,2.626171875,0.1546875,0.2744140625,5
ANCA,0.26796875,-0.040625,-0.368359375,0.30859375,5
ANC,2.654296875,2.431640625,-1.393359375,0.22265625,5
ASA,0.9052734375,0.896484375,-0.85546875,0.0087890625,5
ASD,3.2203125,2.9546875,0.0953125,0.265625,5
AVF,5.284375,4.5361328125,0.8890625,0.7482421874999998,5
AVR,4.402734375,4.586328125,-0.874609375,-0.18359375,5
BAL,4.51201171875,4.678125,-0.1833984375,-0.16611328124999947,5
BMI,2.475,2.296875,0.608984375,0.1781250000000001,5
BMT,-0.425,-0.709375,-1.59755859375,0.284375,5
CAD,2.498828125,2.644140625,-1.12890625,-0.14531249999999973,5
CDI,3.96328125,2.6625,-2.30263671875,1.30078125,5
CEA,1.5501953125,1.723828125,0.0109375,-0.17363281249999996,5
CHF,2.04921875,1.873046875,0.84296875,0.1761718750000001,5
CIC,2.837109375,1.3953125,-3.330078125,1.4417968749999999,5
CML,2.263671875,2.48671875,0.55703125,-0.2230468750000001,5
CMS,6.3810546875,6.0080078125,1.469921875,0.373046875,5
CMV,4.3947265625,4.42890625,0.15625,-0.0341796875,5
CNS,0.95625,1.05078125,-0.24638671875,-0.09453124999999996,5
CPR,3.387890625,3.1888671875,0.4525390625,0.19902343749999973,5
CRP,4.640234375,5.0876953125,1.20703125,-0.4474609374999998,5
CSA,2.519921875,2.4296875,-1.686328125,0.09023437500000009,5
CSF,2.9064453125,2.786328125,0.4896484375,0.1201171875,5
CTA,5.64609375,5.2115234375,-1.76015625,0.4345703125,5
CVA,3.025,2.99296875,-1.6560546875,0.032031249999999734,5
CVI,2.31572265625,2.3134765625,-0.0611328125,0.0022460937500001776,5
CVS,5.595703125,5.336328125,1.803515625,0.25937500000000036,5
DIC,3.82734375,3.80703125,1.21337890625,0.020312499999999734,5
DIP,2.66953125,2.5123046875,-0.18095703125,0.1572265625,5
DLCO,0.988671875,0.53828125,-0.046484375,0.45039062499999993,5
DNR,2.798046875,2.57578125,-1.481640625,0.2222656249999999,5
DWI,4.46171875,4.232421875,0.94296875,0.22929687500000018,5
EBL,2.1369140625,2.115234375,-1.8064453125,0.021679687499999822,5
ECG,1.48203125,1.198828125,0.25625,0.283203125,5
ECT,3.5830078125,3.369140625,0.32109375,0.2138671875,5
EDD,0.9732421875,0.144140625,-0.22265625,0.8291015625,5
EHL,2.39921875,2.05859375,-1.061328125,0.3406250000000002,5
EKG,1.359375,1.1296875,0.25,0.22968750000000004,5
EMS,2.1173828125,1.89765625,-0.45166015625,0.21972656249999978,5
EPO,1.8541015625,1.8255859375,-0.0798828125,0.028515624999999822,5
ERCP,0.40478515625,0.1634765625,-0.395458984375,0.24130859375,5
ESR,0.95,0.7109375,-0.839453125,0.23906249999999996,5
FFP,6.303125,6.75078125,0.959375,-0.44765625000000053,5
GCT,-2.4671875,-3.590625,-4.934375,1.1234375,5
GGT,0.46875,0.171484375,-0.27890625,0.297265625,5
GTT,1.080859375,1.303515625,-0.313671875,-0.22265625,5
GVHD,1.42265625,0.848828125,-0.15546875,0.5738281249999999,5
GVH,1.3173828125,0.873828125,-0.242578125,0.44355468750000004,5
HCT,2.18603515625,2.0001953125,-0.2345703125,0.18583984375000018,5
HIV,0.93125,-0.1640625,-1.423828125,1.0953125,5
HPV,1.791015625,1.83203125,0.613671875,-0.041015625,5
HSV,5.74921875,5.746875,1.73046875,0.0023437499999996447,5
ICA,4.16015625,4.276953125,0.22734375,-0.11679687500000036,5
ICD,3.95078125,3.237890625,0.1765625,0.712890625,5
INH,0.17421875,0.1515625,-0.991015625,0.022656250000000017,5
ITP,0.84228515625,0.333984375,-0.159765625,0.50830078125,5
IUGR,0.69296875,0.25390625,-0.6677734375,0.4390625,5
IVC,2.327734375,2.356640625,-0.189453125,-0.02890624999999991,5
IVP,11.98203125,12.296875,5.4015625,-0.31484374999999964,5
LAD,1.49296875,1.665625,-0.90068359375,-0.17265624999999996,5
LDL,5.1375,5.239453125,0.48671875,-0.10195312499999964,5
LMP,3.659375,3.362890625,0.562890625,0.2964843749999999,5
MAI,4.1399658203125,4.146484375,-0.484375,-0.006518554687500178,5
MCA,3.29765625,3.220703125,1.048828125,0.07695312500000018,5
MCH,2.86669921875,3.29453125,-0.1291015625,-0.4278320312499999,5
MCV,1.902734375,1.8921875,-0.6498046875,0.010546875000000178,5
MDI,4.846875,4.68671875,-0.431640625,0.16015625,5
MDS,4.82607421875,4.8578125,0.708984375,-0.03173828125,5
MMF,2.49287109375,2.43291015625,0.1458984375,0.059960937499999645,5
MRA,1.0546875,0.966015625,0.19609375,0.08867187499999996,5
MRCP,0.456298828125,0.3203125,0.0126953125,0.135986328125,5
MRSA,0.684375,0.4697265625,0.4423828125,0.21464843749999996,5
MTP,2.5025390625,1.8369140625,-0.5640625,0.6656249999999999,5
MVA,3.46171875,2.2015625,-3.47841796875,1.26015625,5
NOS,3.0404296875,2.787890625,1.126171875,0.2525390624999999,5
NPH,2.4140625,2.177734375,0.0703125,0.236328125,5
NST,5.589453125,6.09375,-1.6796875,-0.5042968749999996,5
NTD,2.865625,2.7765625,-0.300390625,0.08906250000000027,5
OCD,1.3916015625,1.287890625,-1.00712890625,0.10371093750000004,5
OTC,1.296484375,1.1609375,-0.145703125,0.13554687499999996,5
PAC,5.369921875,5.441015625,0.2265625,-0.07109375000000018,5
PCA,2.117578125,1.85546875,-0.122265625,0.2621093750000001,5
PCI,1.842578125,1.876171875,0.223046875,-0.03359375000000009,5
PCR,2.6685546875,2.54296875,0.59609375,0.1255859374999999,5
PDA,3.85078125,3.8,0.012890625,0.05078125,5
PEG,1.266796875,1.455859375,-0.3421875,-0.1890624999999999,5
PET,1.71904296875,1.7548828125,-0.503271484375,-0.035839843750000044,5
PFO,2.1109375,2.49765625,0.4140625,-0.38671875,5
PIC,3.2265625,2.21640625,-0.977734375,1.01015625,5
PID,3.8453125,3.87421875,-0.0671875,-0.02890624999999991,5
PIH,0.7640625,0.4609375,-2.72890625,0.303125,5
PIP,3.369921875,3.43515625,0.046875,-0.06523437499999973,5
PMD,3.00439453125,2.66787109375,-0.128515625,0.3365234374999999,5
PMI,2.42890625,2.174609375,-0.58203125,0.25429687499999964,5
PND,6.3640625,6.91171875,2.0234375,-0.5476562500000002,5
PPI,4.90859375,4.755078125,-0.066015625,0.15351562499999982,5
PRN,3.265625,2.57421875,-2.0,0.69140625,5
PSA,3.671484375,3.44375,0.653515625,0.22773437499999982,5
PTH,4.5359375,4.413671875,1.5578125,0.12226562499999982,5
PTSD,0.4328125,-0.075390625,-0.6552734375,0.508203125,5
PVC,2.928515625,2.86171875,0.18984375,0.06679687500000009,5
RAP,5.0896484375,4.445703125,0.1328125,0.6439453125000005,5
RBC,1.55078125,1.52109375,-0.265234375,0.02968750000000009,5
RCA,1.553515625,1.3234375,-0.9185546875,0.2300781249999999,5
ROS,5.431640625,5.24609375,0.957421875,0.185546875,5
RSV,1.75625,1.42734375,-0.84462890625,0.3289062500000002,5
SAB,0.171875,-0.846875,-4.94208984375,1.01875,5
SBP,2.2236328125,2.330859375,-0.965625,-0.10722656250000018,5
SLE,3.141015625,2.909375,1.514453125,0.23164062500000027,5
SMA,2.0123046875,2.2484375,0.433203125,-0.23613281250000018,5
STD,4.4755859375,4.6203125,-0.074609375,-0.14472656249999982,5
TBI,2.964453125,2.729296875,-1.13828125,0.23515624999999973,5
TEE,3.96435546875,4.34296875,1.766796875,-0.3786132812499998,5
TIPS,0.623876953125,0.38115234375,-0.010546875,0.242724609375,5
TPA,0.230859375,0.146484375,-0.2919921875,0.084375,5
TSH,0.9671875,0.626953125,0.24375,0.340234375,5
TTP,5.884375,6.334765625,1.03671875,-0.4503906249999998,5
VAC,3.6875,3.29375,-0.9984375,0.3937499999999998,5
VAD,3.71328125,3.544140625,-1.6875,0.16914062500000027,5
VATS,0.5404296875,0.01953125,-0.5759765625,0.5208984375,5
VBAC,0.71728515625,0.6048828125,0.2326171875,0.11240234375000002,5
